<buffs>

    <!-- Air Drop Alarm -->    
    <append xpath="/buffs">
        <buff name="airdrop_Alarm" hidden="true" icon="ui_game_symbol_infection"> 
            <stack_type value="ignore"/>
            <update_rate value="1"/>
            <duration value="1"/>
            <effect_group>
                <requirement name="RandomRoll" seed_type="Random" min_max="0,100" operation="LTE" value="35"/>
				<triggered_effect trigger="onSelfBuffStart" action="CallGameEvent" event="airdrop_alarm_message" />
				<triggered_effect trigger="onSelfBuffStart" action="CallGameEvent" event="airdrop_alarm_sound" />
                <triggered_effect trigger="onSelfBuffStart" action="CallGameEvent" event="airdrop_alarm_zombie_spawns" />	
            </effect_group>
        </buff>
		
    </append>	

</buffs>