<gamestages>

	<append xpath="/gamestages" >

		<group name="S_-_Group_Zom_Air_Drop_Alarm_Horde" emptyChance="0" decoyChance="0" decoy1hpChance="0">
			<spawner name="airDropAlarmHorde" count="2,4"/>
		</group>

		<spawner name="airDropAlarmHorde">
			<gamestage stage="1">
				<spawn group="airDropAlarmHordeStageGS1" num="1" maxAlive="2" duration="1"/>
			</gamestage>
			<gamestage stage="3">
				<spawn group="airDropAlarmHordeStageGS3" num="2" maxAlive="4" duration="1"/>
			</gamestage>
			<gamestage stage="8">
				<spawn group="airDropAlarmHordeStageGS8" num="4" maxAlive="9" duration="1"/>
			</gamestage>
			<gamestage stage="13">
				<spawn group="airDropAlarmHordeStageGS13" num="7" maxAlive="13" duration="1"/>
			</gamestage>
			<gamestage stage="21">
				<spawn group="airDropAlarmHordeStageGS21" num="11" maxAlive="20" duration="1"/>
			</gamestage>
			<gamestage stage="30">
				<spawn group="airDropAlarmHordeStageGS30" num="15" maxAlive="29" duration="1"/>
			</gamestage>
			<gamestage stage="40">
				<spawn group="airDropAlarmHordeStageGS40" num="20" maxAlive="38" duration="1"/>
			</gamestage>
			<gamestage stage="51">
				<spawn group="airDropAlarmHordeStageGS51" num="26" maxAlive="47" duration="1"/>
			</gamestage>
			<gamestage stage="65">
				<spawn group="airDropAlarmHordeStageGS65" num="29" maxAlive="60" duration="1"/>
			</gamestage>
			<gamestage stage="79">
				<spawn group="airDropAlarmHordeStageGS79" num="31" maxAlive="73" duration="1"/>
			</gamestage>
			<gamestage stage="95">
				<spawn group="airDropAlarmHordeStageGS95" num="35" maxAlive="87" duration="1"/>
			</gamestage>
			<gamestage stage="112">
				<spawn group="airDropAlarmHordeStageGS112" num="38" maxAlive="102" duration="1"/>
			</gamestage>
			<gamestage stage="130">
				<spawn group="airDropAlarmHordeStageGS130" num="42" maxAlive="119" duration="1"/>
			</gamestage>
			<gamestage stage="150">
				<spawn group="airDropAlarmHordeStageGS150" num="46" maxAlive="137" duration="1"/>
			</gamestage>
			<gamestage stage="171">
				<spawn group="airDropAlarmHordeStageGS171" num="50" maxAlive="155" duration="1"/>
			</gamestage>
			<gamestage stage="194">
				<spawn group="airDropAlarmHordeStageGS194" num="54" maxAlive="176" duration="1"/>
			</gamestage>
			<gamestage stage="217">
				<spawn group="airDropAlarmHordeStageGS217" num="59" maxAlive="197" duration="1"/>
			</gamestage>
			<gamestage stage="242">
				<spawn group="airDropAlarmHordeStageGS242" num="64" maxAlive="219" duration="1"/>
			</gamestage>
			<gamestage stage="268">
				<spawn group="airDropAlarmHordeStageGS268" num="69" maxAlive="243" duration="1"/>
			</gamestage>
			<gamestage stage="296">
				<spawn group="airDropAlarmHordeStageGS296" num="75" maxAlive="256" duration="1"/>
			</gamestage>
			<gamestage stage="325">
				<spawn group="airDropAlarmHordeStageGS325" num="81" maxAlive="256" duration="1"/>
			</gamestage>
			<gamestage stage="355">
				<spawn group="airDropAlarmHordeStageGS355" num="87" maxAlive="256" duration="1"/>
			</gamestage>
			<gamestage stage="386">
				<spawn group="airDropAlarmHordeStageGS386" num="93" maxAlive="256" duration="1"/>
			</gamestage>
			<gamestage stage="419">
				<spawn group="airDropAlarmHordeStageGS419" num="99" maxAlive="256" duration="1"/>
			</gamestage>
			<gamestage stage="452">
				<spawn group="airDropAlarmHordeStageGS452" num="106" maxAlive="256" duration="1"/>
			</gamestage>
			<gamestage stage="488">
				<spawn group="airDropAlarmHordeStageGS488" num="113" maxAlive="256" duration="1"/>
			</gamestage>
			<gamestage stage="524">
				<spawn group="airDropAlarmHordeStageGS524" num="120" maxAlive="256" duration="1"/>
			</gamestage>
			<gamestage stage="561">
				<spawn group="airDropAlarmHordeStageGS561" num="128" maxAlive="256" duration="1"/>
			</gamestage>
			<gamestage stage="600">
				<spawn group="airDropAlarmHordeStageGS600" num="136" maxAlive="256" duration="1"/>
			</gamestage>
			<gamestage stage="640">
				<spawn group="airDropAlarmHordeStageGS640" num="144" maxAlive="256" duration="1"/>
			</gamestage>
			<gamestage stage="681">
				<spawn group="airDropAlarmHordeStageGS681" num="152" maxAlive="256" duration="1"/>
			</gamestage>
			<gamestage stage="724">
				<spawn group="airDropAlarmHordeStageGS724" num="160" maxAlive="256" duration="1"/>
			</gamestage>
			<gamestage stage="767">
				<spawn group="airDropAlarmHordeStageGS767" num="169" maxAlive="256" duration="1"/>
			</gamestage>
			<gamestage stage="812">
				<spawn group="airDropAlarmHordeStageGS812" num="178" maxAlive="256" duration="1"/>
			</gamestage>
			<gamestage stage="858">
				<spawn group="airDropAlarmHordeStageGS858" num="187" maxAlive="256" duration="1"/>
			</gamestage>
			<gamestage stage="905">
				<spawn group="airDropAlarmHordeStageGS905" num="197" maxAlive="256" duration="1"/>
			</gamestage>
			<gamestage stage="954">
				<spawn group="airDropAlarmHordeStageGS954" num="206" maxAlive="256" duration="1"/>
			</gamestage>
			<gamestage stage="1003">
				<spawn group="airDropAlarmHordeStageGS1003" num="216" maxAlive="256" duration="1"/>
			</gamestage>
		</spawner>

	</append>

</gamestages>