<sounds>

	<append xpath="/Sounds">
		
		<!-- Sound for Alarm -->
		<SoundDataNode name="airDropAlarmSound"> 
			<AudioSource name="Sounds/AudioSource_WeaponFire"/> 
			<NetworkAudioSource name="Sounds/AudioSource_WeaponFire_Network"/>
			<Noise ID="5" range="500" noise="150" heat_map_strength="20" heat_map_time="300"/>
			<AudioClip ClipName="Sounds/Ambient_Loops/caralarm1_lp" Loop="false"/>
			<LocalCrouchVolumeScale value="1"/> 
			<CrouchNoiseScale value="1"/> 
			<NoiseScale value="1"/> 
			<MaxVoices value="20"/> 
			<MaxRepeatRate value=".2"/> 
			<LowestPitch name="0.5"/>
			<HighestPitch name="1.1"/>
		</SoundDataNode>
	</append>

</sounds>