<dialogs>

   <insertAfter xpath="//dialog[@id='trader']/statement[@id='currentjobs1']/quest_entry[@listindex='4']">
    <quest_entry listindex="5" tier="1" />
    <quest_entry listindex="6" tier="1" />
    <quest_entry listindex="7" tier="1" />
    <quest_entry listindex="8" tier="1" />
    <quest_entry listindex="9" tier="1" />
    <quest_entry listindex="10" tier="1" />
    <quest_entry listindex="11" tier="1" />
    <quest_entry listindex="12" tier="1" />
    <quest_entry listindex="13" tier="1" />
    <quest_entry listindex="14" tier="1" />
    <quest_entry listindex="15" tier="1" />
    <quest_entry listindex="16" tier="1" />
    <quest_entry listindex="17" tier="1" />
    <quest_entry listindex="18" tier="1" />
    <quest_entry listindex="19" tier="1" />   
  </insertAfter>

  <insertAfter xpath="//dialog[@id='trader']/statement[@id='currentjobs2']/quest_entry[@listindex='4']">
    <quest_entry listindex="5" tier="2" />
    <quest_entry listindex="6" tier="2" />
    <quest_entry listindex="7" tier="2" />
    <quest_entry listindex="8" tier="2" />
    <quest_entry listindex="9" tier="2" />
    <quest_entry listindex="10" tier="2" />
    <quest_entry listindex="11" tier="2" />
    <quest_entry listindex="12" tier="2" />
    <quest_entry listindex="13" tier="2" />
    <quest_entry listindex="14" tier="2" />
    <quest_entry listindex="15" tier="2" />
    <quest_entry listindex="16" tier="2" />
    <quest_entry listindex="17" tier="2" />
    <quest_entry listindex="18" tier="2" />
    <quest_entry listindex="19" tier="2" />
  </insertAfter>

  <insertAfter xpath="//dialog[@id='trader']/statement[@id='currentjobs3']/quest_entry[@listindex='4']">
    <quest_entry listindex="5" tier="3" />
    <quest_entry listindex="6" tier="3" />
    <quest_entry listindex="7" tier="3" />
    <quest_entry listindex="8" tier="3" />
    <quest_entry listindex="9" tier="3" />
    <quest_entry listindex="10" tier="3" />
    <quest_entry listindex="11" tier="3" />
    <quest_entry listindex="12" tier="3" />
    <quest_entry listindex="13" tier="3" />
    <quest_entry listindex="14" tier="3" />
    <quest_entry listindex="15" tier="3" />
    <quest_entry listindex="16" tier="3" />
    <quest_entry listindex="17" tier="3" />
    <quest_entry listindex="18" tier="3" />
    <quest_entry listindex="19" tier="3" />
  </insertAfter>

  <insertAfter xpath="//dialog[@id='trader']/statement[@id='currentjobs4']/quest_entry[@listindex='4']">
    <quest_entry listindex="5" tier="4" />
    <quest_entry listindex="6" tier="4" />
    <quest_entry listindex="7" tier="4" />
    <quest_entry listindex="8" tier="4" />
    <quest_entry listindex="9" tier="4" />
    <quest_entry listindex="10" tier="4" />
    <quest_entry listindex="11" tier="4" />
    <quest_entry listindex="12" tier="4" />
    <quest_entry listindex="13" tier="4" />
    <quest_entry listindex="14" tier="4" />
    <quest_entry listindex="15" tier="4" />
    <quest_entry listindex="16" tier="4" />
    <quest_entry listindex="17" tier="4" />
    <quest_entry listindex="18" tier="4" />
    <quest_entry listindex="19" tier="4" />
  </insertAfter>

  <insertAfter xpath="//dialog[@id='trader']/statement[@id='currentjobs5']/quest_entry[@listindex='4']">
    <quest_entry listindex="5" tier="5" />
    <quest_entry listindex="6" tier="5" />
    <quest_entry listindex="7" tier="5" />
    <quest_entry listindex="8" tier="5" />
    <quest_entry listindex="9" tier="5" />
    <quest_entry listindex="10" tier="5" />
    <quest_entry listindex="11" tier="5" />
    <quest_entry listindex="12" tier="5" />
    <quest_entry listindex="13" tier="5" />
    <quest_entry listindex="14" tier="5" />
    <quest_entry listindex="15" tier="5" />
    <quest_entry listindex="16" tier="5" />
    <quest_entry listindex="17" tier="5" />
    <quest_entry listindex="18" tier="5" />
    <quest_entry listindex="19" tier="5" />
  </insertAfter>

</dialogs>

