<gamestages>

	<append xpath="/entitygroups" >

		<entitygroup name="vehicleAlarmsHordeStageGS1">
			<!-- zombieFatCop -->
			zombieArlene, .5
			zombieBoe, .5
			zombieBusinessMan, .5
			zombieDarlene, .5
			zombieJanitor, .5
			zombieJoe, .5
			zombieMarlene, .5 
			zombieNurse, .5
			zombiePartyGirl, .5
			zombieSkateboarder, .5
			zombieSteve, .5
			zombieTomClark, .5
			zombieYo, .5				
		</entitygroup>
		<entitygroup name="vehicleAlarmsHordeStageGS3">
			<!-- zombieFatCop -->
			zombieArlene, .5
			zombieBoe, .5
			zombieBusinessMan, .5
			zombieDarlene, .5
			zombieJanitor, .5
			zombieJoe, .5
			zombieMarlene, .5 
			zombieNurse, .5
			zombiePartyGirl, .5
			zombieSkateboarder, .5
			zombieSteve, .5
			zombieTomClark, .5
			zombieYo, .5
		</entitygroup>
		<entitygroup name="vehicleAlarmsHordeStageGS8">
			<!-- zombieFatCop -->
			zombieArlene, .5
			zombieBoe, .5
			zombieBusinessMan, .5
			zombieDarlene, .5
			zombieJanitor, .5
			zombieJoe, .5
			zombieMarlene, .5 
			zombieNurse, .5
			zombiePartyGirl, .5
			zombieSkateboarder, .5
			zombieSteve, .5
			zombieTomClark, .5
			zombieYo, .5
			zombieBiker, .05
			zombieFatHawaiian, .05
			zombieFemaleFat, .05
			zombieMaleHazmat, .1
			zombieMoe, .05
			zombieSoldier, .01
			zombieUtilityWorker, .05			
		</entitygroup>
		<entitygroup name="vehicleAlarmsHordeStageGS13">
			<!-- zombieFatCop -->
			zombieArlene, .5
			zombieBoe, .5
			zombieBusinessMan, .5
			zombieDarlene, .5
			zombieJanitor, .5
			zombieJoe, .5
			zombieMarlene, .5
			zombieNurse, .5
			zombiePartyGirl, .5
			zombieSkateboarder, .5
			zombieSteve, .5
			zombieTomClark, .5
			zombieYo, .5
			zombieBiker, .1
			zombieFatHawaiian, .1
			zombieFemaleFat, .1
			zombieMaleHazmat, .2
			zombieMoe, .1
			zombieSoldier, .05
			zombieUtilityWorker, .1			
		</entitygroup>
		<entitygroup name="vehicleAlarmsHordeStageGS21">
			<!-- zombieFatCop -->
			zombieArlene, .4
			zombieBoe, .4
			zombieBusinessMan, .4
			zombieDarlene, .4
			zombieJanitor, .4
			zombieJoe, .4
			zombieMarlene, .4
			zombieNurse, .4
			zombiePartyGirl, .4
			zombieSkateboarder, .4
			zombieSteve, .4
			zombieTomClark, .4
			zombieYo, .4
			zombieBiker, .25
			zombieFatHawaiian, .25
			zombieFemaleFat, .25
			zombieMaleHazmat, .25
			zombieMoe, .25
			zombieSoldier, .1
			zombieUtilityWorker, .25			
		</entitygroup>
		<entitygroup name="vehicleAlarmsHordeStageGS30">
			<!-- zombieFatCopFeral -->
			zombieArlene, .3
			zombieBoe, .3
			zombieBusinessMan, .3
			zombieDarlene, .3
			zombieJanitor, .3
			zombieJoe, .3
			zombieMarlene, .3
			zombieNurse, .3
			zombiePartyGirl, .3
			zombieSkateboarder, .3
			zombieSteve, .3
			zombieTomClark, .3
			zombieYo, .3
			zombieBiker, .3
			zombieFatHawaiian, .3
			zombieFemaleFat, .3
			zombieMaleHazmat, .3
			zombieMoe, .3
			zombieSoldier, .25
			zombieUtilityWorker, .3
			zombieSpider, .2			
		</entitygroup>
		<entitygroup name="vehicleAlarmsHordeStageGS40">
			<!-- zombieFatCopFeral -->
			zombieArlene, .2
			zombieBoe, .2
			zombieBusinessMan, .2
			zombieDarlene, .2
			zombieJanitor, .2
			zombieJoe, .2
			zombieMarlene, .2
			zombieNurse, .2
			zombiePartyGirl, .2
			zombieSkateboarder, .2
			zombieSteve, .2
			zombieTomClark, .2
			zombieYo, .2
			zombieBiker, .4
			zombieFatHawaiian, .4
			zombieFemaleFat, .4
			zombieMaleHazmat, .4
			zombieMoe, .4
			zombieSoldier, .4
			zombieUtilityWorker, .4
			zombieSpider, .3			
		</entitygroup>
		<entitygroup name="vehicleAlarmsHordeStageGS51">
			<!-- zombieFatCopFeral -->
			zombieArleneFeral, .5
			zombieBoeFeral, .5
			zombieBusinessManFeral, .5
			zombieDarleneFeral, .5
			zombieJanitorFeral, .5
			zombieJoeFeral, .5
			zombieMarleneFeral, .5
			zombieNurseFeral, .5
			zombiePartyGirlFeral, .5
			zombieSkateboarderFeral, .5
			zombieSteveFeral, .5
			zombieTomClarkFeral, .5
			zombieYoFeral, .5
			zombieBiker, .4
			zombieFatHawaiian, .4
			zombieFemaleFat, .4
			zombieMaleHazmat, .4
			zombieMoe, .4
			zombieSoldier, .4
			zombieUtilityWorker, .4
			zombieSpiderFeral, .2
			zombieFatCopFeral, .1			
		</entitygroup>
		<entitygroup name="vehicleAlarmsHordeStageGS65">
			<!-- zombieFatCopFeral -->
			zombieArleneFeral, .5
			zombieBoeFeral, .5
			zombieBusinessManFeral, .5
			zombieDarleneFeral, .5
			zombieJanitorFeral, .5
			zombieJoeFeral, .5
			zombieMarleneFeral, .5
			zombieNurseFeral, .5
			zombiePartyGirlFeral, .5
			zombieSkateboarderFeral, .5
			zombieSteveFeral, .5
			zombieTomClarkFeral, .5
			zombieYoFeral, .5
			zombieBikerFeral, .4
			zombieFatHawaiianFeral, .4
			zombieFemaleFatFeral, .4
			zombieMaleHazmatFeral, .5
			zombieMoeFeral, .4
			zombieSoldierFeral, .4
			zombieUtilityWorkerFeral, .4
			zombieSpiderFeral, .4
			zombieFatCopFeral, .2			
		</entitygroup>
		<entitygroup name="vehicleAlarmsHordeStageGS79">
			<!-- zombieFatCopFeral -->
			zombieArleneFeral, .5
			zombieBoeFeral, .5
			zombieBusinessManFeral, .5
			zombieDarleneFeral, .5
			zombieJanitorFeral, .5
			zombieJoeFeral, .5
			zombieMarleneFeral, .5
			zombieNurseFeral, .5
			zombiePartyGirlFeral, .5
			zombieSkateboarderFeral, .5
			zombieSteveFeral, .5
			zombieTomClarkFeral, .5
			zombieYoFeral, .5
			zombieBikerFeral, .5
			zombieFatHawaiianFeral, .5
			zombieFemaleFatFeral, .5
			zombieMaleHazmatFeral, .5
			zombieMoeFeral, .5
			zombieSoldierFeral, .5
			zombieUtilityWorkerFeral, .5
			zombieSpiderFeral, .5
			zombieFatCopFeral, .25			
		</entitygroup>
		<entitygroup name="vehicleAlarmsHordeStageGS95">
			<!-- zombieFatCopFeral -->
			zombieArleneFeral, .5
			zombieBoeFeral, .5
			zombieBusinessManFeral, .5
			zombieDarleneFeral, .5
			zombieJanitorFeral, .5
			zombieJoeFeral, .5
			zombieMarleneFeral, .5
			zombieNurseFeral, .5
			zombiePartyGirlFeral, .5
			zombieSkateboarderFeral, .5
			zombieSteveFeral, .5
			zombieTomClarkFeral, .5
			zombieYoFeral, .5
			zombieBikerFeral, .5
			zombieFatHawaiianFeral, .5
			zombieFemaleFatFeral, .5
			zombieMaleHazmatFeral, .5
			zombieMoeFeral, .5
			zombieSoldierFeral, .5
			zombieUtilityWorkerFeral, .5
			zombieSpiderFeral, .5
			zombieFatCopFeral, .25
			zombieWightFeral, .1			
		</entitygroup>
		<entitygroup name="vehicleAlarmsHordeStageGS112">
			<!-- zombieFatCopFeral -->
			zombieArleneFeral, .4
			zombieBoeFeral, .4
			zombieBusinessManFeral, .4
			zombieDarleneFeral, .4
			zombieJanitorFeral, .4
			zombieJoeFeral, .4
			zombieMarleneFeral, .4
			zombieNurseFeral, .4
			zombiePartyGirlFeral, .4
			zombieSkateboarderFeral, .4
			zombieSteveFeral, .4
			zombieTomClarkFeral, .4
			zombieYoFeral, .4
			zombieBikerFeral, .4
			zombieFatHawaiianFeral, .4
			zombieFemaleFatFeral, .4
			zombieMaleHazmatFeral, .4
			zombieMoeFeral, .4
			zombieSoldierFeral, .4
			zombieUtilityWorkerFeral, .4
			zombieFatCopFeral, .4
			zombieMutatedFeral, .4
			zombieSpiderFeral, .4
			zombieWightFeral, .2
			zombieArleneRadiated, .5
			zombieBoeRadiated, .5
			zombieBusinessManRadiated, .5
			zombieDarleneRadiated, .5
			zombieJanitorRadiated, .5
			zombieJoeRadiated, .5
			zombieMarleneRadiated, .5
			zombieNurseRadiated, .5
			zombiePartyGirlRadiated, .5
			zombieSkateboarderRadiated, .5
			zombieSteveRadiated, .5
			zombieTomClarkRadiated, .5
			zombieYoRadiated, .5
			zombieBikerRadiated, .3
			zombieFatHawaiianRadiated, .3
			zombieFemaleFatRadiated, .3
			zombieLumberjackRadiated, .3
			zombieMaleHazmatRadiated, .3
			zombieMoeRadiated, .3
			zombieSoldierRadiated, .3
			zombieUtilityWorkerRadiated, .3
			zombieFatCopRadiated, .2
			zombieSpiderRadiated, .3
			zombieWightRadiated, .3			
		</entitygroup>
		<entitygroup name="vehicleAlarmsHordeStageGS130">
			<!-- zombieFatCopFeral -->
			zombieArleneFeral, .25
			zombieBoeFeral, .25
			zombieBusinessManFeral, .25
			zombieDarleneFeral, .25
			zombieJanitorFeral, .25
			zombieJoeFeral, .25
			zombieMarleneFeral, .25
			zombieNurseFeral, .25
			zombiePartyGirlFeral, .25
			zombieSkateboarderFeral, .25
			zombieSteveFeral, .25
			zombieTomClarkFeral, .25
			zombieYoFeral, .25
			zombieBikerFeral, .25
			zombieFatHawaiianFeral, .25
			zombieFemaleFatFeral, .25
			zombieMaleHazmatFeral, .25
			zombieMoeFeral, .25
			zombieSoldierFeral, .25
			zombieUtilityWorkerFeral, .25
			zombieFatCopFeral, .25
			zombieMutatedFeral, .25
			zombieSpiderFeral, .25
			zombieWightFeral, .2
			zombieArleneRadiated, .5
			zombieBoeRadiated, .5
			zombieBusinessManRadiated, .5
			zombieDarleneRadiated, .5
			zombieJanitorRadiated, .5
			zombieJoeRadiated, .5
			zombieMarleneRadiated, .5
			zombieNurseRadiated, .5
			zombiePartyGirlRadiated, .5
			zombieSkateboarderRadiated, .5
			zombieSteveRadiated, .5
			zombieTomClarkRadiated, .5
			zombieYoRadiated, .5
			zombieBikerRadiated, .3
			zombieFatHawaiianRadiated, .3
			zombieFemaleFatRadiated, .3
			zombieLumberjackRadiated, .3
			zombieMaleHazmatRadiated, .3
			zombieMoeRadiated, .3
			zombieSoldierRadiated, .3
			zombieUtilityWorkerRadiated, .3
			zombieFatCopRadiated, .2
			zombieSpiderRadiated, .3
			zombieWightRadiated, .3			
		</entitygroup>
		<entitygroup name="vehicleAlarmsHordeStageGS150">
			<!-- zombieFatCopFeral -->
			zombieArleneRadiated, .5
			zombieBoeRadiated, .5
			zombieBusinessManRadiated, .5
			zombieDarleneRadiated, .5
			zombieJanitorRadiated, .5
			zombieJoeRadiated, .5
			zombieMarleneRadiated, .5
			zombieNurseRadiated, .5
			zombiePartyGirlRadiated, .5
			zombieSkateboarderRadiated, .5
			zombieSteveRadiated, .5
			zombieTomClarkRadiated, .5
			zombieYoRadiated, .5
			zombieBikerRadiated, .5
			zombieFatHawaiianRadiated, .5
			zombieFemaleFatRadiated, .5
			zombieMaleHazmatRadiated, .5
			zombieMoeRadiated, .5
			zombieSoldierRadiated, .5
			zombieUtilityWorkerRadiated, .5
			zombieFatCopRadiated, .25
			zombieMutatedRadiated, .25
			zombieSpiderRadiated, .5
			zombieWightRadiated, .25			
		</entitygroup>
		<entitygroup name="vehicleAlarmsHordeStageGS171">
			<!-- zombieFatCopFeral -->
			zombieArleneRadiated, .5
			zombieBoeRadiated, .5
			zombieBusinessManRadiated, .5
			zombieDarleneRadiated, .5
			zombieJanitorRadiated, .5
			zombieJoeRadiated, .5
			zombieMarleneRadiated, .5
			zombieNurseRadiated, .5
			zombiePartyGirlRadiated, .5
			zombieSkateboarderRadiated, .5
			zombieSteveRadiated, .5
			zombieTomClarkRadiated, .5
			zombieYoRadiated, .5
			zombieBikerRadiated, .5
			zombieFatHawaiianRadiated, .5
			zombieFemaleFatRadiated, .5
			zombieMaleHazmatRadiated, .5
			zombieMoeRadiated, .5
			zombieSoldierRadiated, .5
			zombieUtilityWorkerRadiated, .5
			zombieFatCopRadiated, .25
			zombieMutatedRadiated, .25
			zombieSpiderRadiated, .5
			zombieWightRadiated, .25			
		</entitygroup>
		<entitygroup name="vehicleAlarmsHordeStageGS194">
			<!-- zombieFatCopFeral -->
			zombieArleneRadiated, .5
			zombieBoeRadiated, .5
			zombieBusinessManRadiated, .5
			zombieDarleneRadiated, .5
			zombieJanitorRadiated, .5
			zombieJoeRadiated, .5
			zombieMarleneRadiated, .5
			zombieNurseRadiated, .5
			zombiePartyGirlRadiated, .5
			zombieSkateboarderRadiated, .5
			zombieSteveRadiated, .5
			zombieTomClarkRadiated, .5
			zombieYoRadiated, .5
			zombieBikerRadiated, .5
			zombieFatHawaiianRadiated, .5
			zombieFemaleFatRadiated, .5
			zombieMaleHazmatRadiated, .5
			zombieMoeRadiated, .5
			zombieSoldierRadiated, .5
			zombieUtilityWorkerRadiated, .5
			zombieFatCopRadiated, .25
			zombieMutatedRadiated, .25
			zombieSpiderRadiated, .5
			zombieWightRadiated, .25
		</entitygroup>
		<entitygroup name="vehicleAlarmsHordeStageGS217">
			<!-- zombieFatCopFeral -->
			zombieArleneRadiated, .5
			zombieBoeRadiated, .5
			zombieBusinessManRadiated, .5
			zombieDarleneRadiated, .5
			zombieJanitorRadiated, .5
			zombieJoeRadiated, .5
			zombieMarleneRadiated, .5
			zombieNurseRadiated, .5
			zombiePartyGirlRadiated, .5
			zombieSkateboarderRadiated, .5
			zombieSteveRadiated, .5
			zombieTomClarkRadiated, .5
			zombieYoRadiated, .5
			zombieBikerRadiated, .5
			zombieFatHawaiianRadiated, .5
			zombieFemaleFatRadiated, .5
			zombieMaleHazmatRadiated, .5
			zombieMoeRadiated, .5
			zombieSoldierRadiated, .5
			zombieUtilityWorkerRadiated, .5
			zombieFatCopRadiated, .25
			zombieMutatedRadiated, .25
			zombieSpiderRadiated, .5
			zombieWightRadiated, .25
		</entitygroup>
		<entitygroup name="vehicleAlarmsHordeStageGS242">
			<!-- zombieFatCopFeral -->
			zombieArleneRadiated, .5
			zombieBoeRadiated, .5
			zombieBusinessManRadiated, .5
			zombieDarleneRadiated, .5
			zombieJanitorRadiated, .5
			zombieJoeRadiated, .5
			zombieMarleneRadiated, .5
			zombieNurseRadiated, .5
			zombiePartyGirlRadiated, .5
			zombieSkateboarderRadiated, .5
			zombieSteveRadiated, .5
			zombieTomClarkRadiated, .5
			zombieYoRadiated, .5
			zombieBikerRadiated, .5
			zombieFatHawaiianRadiated, .5
			zombieFemaleFatRadiated, .5
			zombieMaleHazmatRadiated, .5
			zombieMoeRadiated, .5
			zombieSoldierRadiated, .5
			zombieUtilityWorkerRadiated, .5
			zombieFatCopRadiated, .25
			zombieMutatedRadiated, .25
			zombieSpiderRadiated, .5
			zombieWightRadiated, .25
		</entitygroup>
		<entitygroup name="vehicleAlarmsHordeStageGS268">
			<!-- zombieFatCopFeral -->
			zombieArleneRadiated, .5
			zombieBoeRadiated, .5
			zombieBusinessManRadiated, .5
			zombieDarleneRadiated, .5
			zombieJanitorRadiated, .5
			zombieJoeRadiated, .5
			zombieMarleneRadiated, .5
			zombieNurseRadiated, .5
			zombiePartyGirlRadiated, .5
			zombieSkateboarderRadiated, .5
			zombieSteveRadiated, .5
			zombieTomClarkRadiated, .5
			zombieYoRadiated, .5
			zombieBikerRadiated, .5
			zombieFatHawaiianRadiated, .5
			zombieFemaleFatRadiated, .5
			zombieMaleHazmatRadiated, .5
			zombieMoeRadiated, .5
			zombieSoldierRadiated, .5
			zombieUtilityWorkerRadiated, .5
			zombieFatCopRadiated, .25
			zombieMutatedRadiated, .25
			zombieSpiderRadiated, .5
			zombieWightRadiated, .25
		</entitygroup>
		<entitygroup name="vehicleAlarmsHordeStageGS296">
			<!-- zombieFatCopFeral -->
			zombieArleneRadiated, .5
			zombieBoeRadiated, .5
			zombieBusinessManRadiated, .5
			zombieDarleneRadiated, .5
			zombieJanitorRadiated, .5
			zombieJoeRadiated, .5
			zombieMarleneRadiated, .5
			zombieNurseRadiated, .5
			zombiePartyGirlRadiated, .5
			zombieSkateboarderRadiated, .5
			zombieSteveRadiated, .5
			zombieTomClarkRadiated, .5
			zombieYoRadiated, .5
			zombieBikerRadiated, .5
			zombieFatHawaiianRadiated, .5
			zombieFemaleFatRadiated, .5
			zombieMaleHazmatRadiated, .5
			zombieMoeRadiated, .5
			zombieSoldierRadiated, .5
			zombieUtilityWorkerRadiated, .5
			zombieFatCopRadiated, .25
			zombieMutatedRadiated, .25
			zombieSpiderRadiated, .5
			zombieWightRadiated, .25
		</entitygroup>
		<entitygroup name="vehicleAlarmsHordeStageGS325">
			<!-- zombieFatCopFeral -->
			zombieArleneRadiated, .5
			zombieBoeRadiated, .5
			zombieBusinessManRadiated, .5
			zombieDarleneRadiated, .5
			zombieJanitorRadiated, .5
			zombieJoeRadiated, .5
			zombieMarleneRadiated, .5
			zombieNurseRadiated, .5
			zombiePartyGirlRadiated, .5
			zombieSkateboarderRadiated, .5
			zombieSteveRadiated, .5
			zombieTomClarkRadiated, .5
			zombieYoRadiated, .5
			zombieBikerRadiated, .5
			zombieFatHawaiianRadiated, .5
			zombieFemaleFatRadiated, .5
			zombieMaleHazmatRadiated, .5
			zombieMoeRadiated, .5
			zombieSoldierRadiated, .5
			zombieUtilityWorkerRadiated, .5
			zombieFatCopRadiated, .25
			zombieMutatedRadiated, .25
			zombieSpiderRadiated, .5
			zombieWightRadiated, .25
		</entitygroup>
		<entitygroup name="vehicleAlarmsHordeStageGS355">
			<!-- zombieFatCopFeral -->
			zombieArleneRadiated, .5
			zombieBoeRadiated, .5
			zombieBusinessManRadiated, .5
			zombieDarleneRadiated, .5
			zombieJanitorRadiated, .5
			zombieJoeRadiated, .5
			zombieMarleneRadiated, .5
			zombieNurseRadiated, .5
			zombiePartyGirlRadiated, .5
			zombieSkateboarderRadiated, .5
			zombieSteveRadiated, .5
			zombieTomClarkRadiated, .5
			zombieYoRadiated, .5
			zombieBikerRadiated, .5
			zombieFatHawaiianRadiated, .5
			zombieFemaleFatRadiated, .5
			zombieMaleHazmatRadiated, .5
			zombieMoeRadiated, .5
			zombieSoldierRadiated, .5
			zombieUtilityWorkerRadiated, .5
			zombieFatCopRadiated, .25
			zombieMutatedRadiated, .25
			zombieSpiderRadiated, .5
			zombieWightRadiated, .25
		</entitygroup>
		<entitygroup name="vehicleAlarmsHordeStageGS386">
			<!-- zombieFatCopFeral -->
			zombieArleneRadiated, .5
			zombieBoeRadiated, .5
			zombieBusinessManRadiated, .5
			zombieDarleneRadiated, .5
			zombieJanitorRadiated, .5
			zombieJoeRadiated, .5
			zombieMarleneRadiated, .5
			zombieNurseRadiated, .5
			zombiePartyGirlRadiated, .5
			zombieSkateboarderRadiated, .5
			zombieSteveRadiated, .5
			zombieTomClarkRadiated, .5
			zombieYoRadiated, .5
			zombieBikerRadiated, .5
			zombieFatHawaiianRadiated, .5
			zombieFemaleFatRadiated, .5
			zombieMaleHazmatRadiated, .5
			zombieMoeRadiated, .5
			zombieSoldierRadiated, .5
			zombieUtilityWorkerRadiated, .5
			zombieFatCopRadiated, .25
			zombieMutatedRadiated, .25
			zombieSpiderRadiated, .5
			zombieWightRadiated, .25
		</entitygroup>
		<entitygroup name="vehicleAlarmsHordeStageGS419">
			<!-- zombieFatCopFeral -->
			zombieArleneRadiated, .5
			zombieBoeRadiated, .5
			zombieBusinessManRadiated, .5
			zombieDarleneRadiated, .5
			zombieJanitorRadiated, .5
			zombieJoeRadiated, .5
			zombieMarleneRadiated, .5
			zombieNurseRadiated, .5
			zombiePartyGirlRadiated, .5
			zombieSkateboarderRadiated, .5
			zombieSteveRadiated, .5
			zombieTomClarkRadiated, .5
			zombieYoRadiated, .5
			zombieBikerRadiated, .5
			zombieFatHawaiianRadiated, .5
			zombieFemaleFatRadiated, .5
			zombieMaleHazmatRadiated, .5
			zombieMoeRadiated, .5
			zombieSoldierRadiated, .5
			zombieUtilityWorkerRadiated, .5
			zombieFatCopRadiated, .25
			zombieMutatedRadiated, .25
			zombieSpiderRadiated, .5
			zombieWightRadiated, .25
		</entitygroup>
		<entitygroup name="vehicleAlarmsHordeStageGS452">
			<!-- zombieFatCopFeral -->
			zombieArleneRadiated, .5
			zombieBoeRadiated, .5
			zombieBusinessManRadiated, .5
			zombieDarleneRadiated, .5
			zombieJanitorRadiated, .5
			zombieJoeRadiated, .5
			zombieMarleneRadiated, .5
			zombieNurseRadiated, .5
			zombiePartyGirlRadiated, .5
			zombieSkateboarderRadiated, .5
			zombieSteveRadiated, .5
			zombieTomClarkRadiated, .5
			zombieYoRadiated, .5
			zombieBikerRadiated, .5
			zombieFatHawaiianRadiated, .5
			zombieFemaleFatRadiated, .5
			zombieMaleHazmatRadiated, .5
			zombieMoeRadiated, .5
			zombieSoldierRadiated, .5
			zombieUtilityWorkerRadiated, .5
			zombieFatCopRadiated, .25
			zombieMutatedRadiated, .25
			zombieSpiderRadiated, .5
			zombieWightRadiated, .25
		</entitygroup>
		<entitygroup name="vehicleAlarmsHordeStageGS488">
			<!-- zombieFatCopFeral -->
			zombieArleneRadiated, .5
			zombieBoeRadiated, .5
			zombieBusinessManRadiated, .5
			zombieDarleneRadiated, .5
			zombieJanitorRadiated, .5
			zombieJoeRadiated, .5
			zombieMarleneRadiated, .5
			zombieNurseRadiated, .5
			zombiePartyGirlRadiated, .5
			zombieSkateboarderRadiated, .5
			zombieSteveRadiated, .5
			zombieTomClarkRadiated, .5
			zombieYoRadiated, .5
			zombieBikerRadiated, .5
			zombieFatHawaiianRadiated, .5
			zombieFemaleFatRadiated, .5
			zombieMaleHazmatRadiated, .5
			zombieMoeRadiated, .5
			zombieSoldierRadiated, .5
			zombieUtilityWorkerRadiated, .5
			zombieFatCopRadiated, .25
			zombieMutatedRadiated, .25
			zombieSpiderRadiated, .5
			zombieWightRadiated, .25
		</entitygroup>
		<entitygroup name="vehicleAlarmsHordeStageGS524">
			<!-- zombieFatCopFeral -->
			zombieArleneRadiated, .5
			zombieBoeRadiated, .5
			zombieBusinessManRadiated, .5
			zombieDarleneRadiated, .5
			zombieJanitorRadiated, .5
			zombieJoeRadiated, .5
			zombieMarleneRadiated, .5
			zombieNurseRadiated, .5
			zombiePartyGirlRadiated, .5
			zombieSkateboarderRadiated, .5
			zombieSteveRadiated, .5
			zombieTomClarkRadiated, .5
			zombieYoRadiated, .5
			zombieBikerRadiated, .5
			zombieFatHawaiianRadiated, .5
			zombieFemaleFatRadiated, .5
			zombieMaleHazmatRadiated, .5
			zombieMoeRadiated, .5
			zombieSoldierRadiated, .5
			zombieUtilityWorkerRadiated, .5
			zombieFatCopRadiated, .25
			zombieMutatedRadiated, .25
			zombieSpiderRadiated, .5
			zombieWightRadiated, .25
		</entitygroup>
		<entitygroup name="vehicleAlarmsHordeStageGS561">
			<!-- zombieFatCopFeral -->
			zombieArleneRadiated, .5
			zombieBoeRadiated, .5
			zombieBusinessManRadiated, .5
			zombieDarleneRadiated, .5
			zombieJanitorRadiated, .5
			zombieJoeRadiated, .5
			zombieMarleneRadiated, .5
			zombieNurseRadiated, .5
			zombiePartyGirlRadiated, .5
			zombieSkateboarderRadiated, .5
			zombieSteveRadiated, .5
			zombieTomClarkRadiated, .5
			zombieYoRadiated, .5
			zombieBikerRadiated, .5
			zombieFatHawaiianRadiated, .5
			zombieFemaleFatRadiated, .5
			zombieMaleHazmatRadiated, .5
			zombieMoeRadiated, .5
			zombieSoldierRadiated, .5
			zombieUtilityWorkerRadiated, .5
			zombieFatCopRadiated, .25
			zombieMutatedRadiated, .25
			zombieSpiderRadiated, .5
			zombieWightRadiated, .25
		</entitygroup>
		<entitygroup name="vehicleAlarmsHordeStageGS600">
			<!-- zombieFatCopFeral -->
			zombieArleneRadiated, .5
			zombieBoeRadiated, .5
			zombieBusinessManRadiated, .5
			zombieDarleneRadiated, .5
			zombieJanitorRadiated, .5
			zombieJoeRadiated, .5
			zombieMarleneRadiated, .5
			zombieNurseRadiated, .5
			zombiePartyGirlRadiated, .5
			zombieSkateboarderRadiated, .5
			zombieSteveRadiated, .5
			zombieTomClarkRadiated, .5
			zombieYoRadiated, .5
			zombieBikerRadiated, .5
			zombieFatHawaiianRadiated, .5
			zombieFemaleFatRadiated, .5
			zombieMaleHazmatRadiated, .5
			zombieMoeRadiated, .5
			zombieSoldierRadiated, .5
			zombieUtilityWorkerRadiated, .5
			zombieFatCopRadiated, .25
			zombieMutatedRadiated, .25
			zombieSpiderRadiated, .5
			zombieWightRadiated, .25
		</entitygroup>
		<entitygroup name="vehicleAlarmsHordeStageGS640">
			<!-- zombieFatCopFeral -->
			zombieArleneRadiated, .5
			zombieBoeRadiated, .5
			zombieBusinessManRadiated, .5
			zombieDarleneRadiated, .5
			zombieJanitorRadiated, .5
			zombieJoeRadiated, .5
			zombieMarleneRadiated, .5
			zombieNurseRadiated, .5
			zombiePartyGirlRadiated, .5
			zombieSkateboarderRadiated, .5
			zombieSteveRadiated, .5
			zombieTomClarkRadiated, .5
			zombieYoRadiated, .5
			zombieBikerRadiated, .5
			zombieFatHawaiianRadiated, .5
			zombieFemaleFatRadiated, .5
			zombieMaleHazmatRadiated, .5
			zombieMoeRadiated, .5
			zombieSoldierRadiated, .5
			zombieUtilityWorkerRadiated, .5
			zombieFatCopRadiated, .25
			zombieMutatedRadiated, .25
			zombieSpiderRadiated, .5
			zombieWightRadiated, .25
		</entitygroup>
		<entitygroup name="vehicleAlarmsHordeStageGS681">
			<!-- zombieFatCopFeral -->
			zombieArleneRadiated, .5
			zombieBoeRadiated, .5
			zombieBusinessManRadiated, .5
			zombieDarleneRadiated, .5
			zombieJanitorRadiated, .5
			zombieJoeRadiated, .5
			zombieMarleneRadiated, .5
			zombieNurseRadiated, .5
			zombiePartyGirlRadiated, .5
			zombieSkateboarderRadiated, .5
			zombieSteveRadiated, .5
			zombieTomClarkRadiated, .5
			zombieYoRadiated, .5
			zombieBikerRadiated, .5
			zombieFatHawaiianRadiated, .5
			zombieFemaleFatRadiated, .5
			zombieMaleHazmatRadiated, .5
			zombieMoeRadiated, .5
			zombieSoldierRadiated, .5
			zombieUtilityWorkerRadiated, .5
			zombieFatCopRadiated, .25
			zombieMutatedRadiated, .25
			zombieSpiderRadiated, .5
			zombieWightRadiated, .25
		</entitygroup>
		<entitygroup name="vehicleAlarmsHordeStageGS724">
			<!-- zombieFatCopFeral -->
			zombieArleneRadiated, .5
			zombieBoeRadiated, .5
			zombieBusinessManRadiated, .5
			zombieDarleneRadiated, .5
			zombieJanitorRadiated, .5
			zombieJoeRadiated, .5
			zombieMarleneRadiated, .5
			zombieNurseRadiated, .5
			zombiePartyGirlRadiated, .5
			zombieSkateboarderRadiated, .5
			zombieSteveRadiated, .5
			zombieTomClarkRadiated, .5
			zombieYoRadiated, .5
			zombieBikerRadiated, .5
			zombieFatHawaiianRadiated, .5
			zombieFemaleFatRadiated, .5
			zombieMaleHazmatRadiated, .5
			zombieMoeRadiated, .5
			zombieSoldierRadiated, .5
			zombieUtilityWorkerRadiated, .5
			zombieFatCopRadiated, .25
			zombieMutatedRadiated, .25
			zombieSpiderRadiated, .5
			zombieWightRadiated, .25
		</entitygroup>
		<entitygroup name="vehicleAlarmsHordeStageGS767">
			<!-- zombieFatCopFeral -->
			zombieArleneRadiated, .5
			zombieBoeRadiated, .5
			zombieBusinessManRadiated, .5
			zombieDarleneRadiated, .5
			zombieJanitorRadiated, .5
			zombieJoeRadiated, .5
			zombieMarleneRadiated, .5
			zombieNurseRadiated, .5
			zombiePartyGirlRadiated, .5
			zombieSkateboarderRadiated, .5
			zombieSteveRadiated, .5
			zombieTomClarkRadiated, .5
			zombieYoRadiated, .5
			zombieBikerRadiated, .5
			zombieFatHawaiianRadiated, .5
			zombieFemaleFatRadiated, .5
			zombieMaleHazmatRadiated, .5
			zombieMoeRadiated, .5
			zombieSoldierRadiated, .5
			zombieUtilityWorkerRadiated, .5
			zombieFatCopRadiated, .25
			zombieMutatedRadiated, .25
			zombieSpiderRadiated, .5
			zombieWightRadiated, .255
		</entitygroup>
		<entitygroup name="vehicleAlarmsHordeStageGS812">
			<!-- zombieFatCopFeral -->
			zombieArleneRadiated, .5
			zombieBoeRadiated, .5
			zombieBusinessManRadiated, .5
			zombieDarleneRadiated, .5
			zombieJanitorRadiated, .5
			zombieJoeRadiated, .5
			zombieMarleneRadiated, .5
			zombieNurseRadiated, .5
			zombiePartyGirlRadiated, .5
			zombieSkateboarderRadiated, .5
			zombieSteveRadiated, .5
			zombieTomClarkRadiated, .5
			zombieYoRadiated, .5
			zombieBikerRadiated, .5
			zombieFatHawaiianRadiated, .5
			zombieFemaleFatRadiated, .5
			zombieMaleHazmatRadiated, .5
			zombieMoeRadiated, .5
			zombieSoldierRadiated, .5
			zombieUtilityWorkerRadiated, .5
			zombieFatCopRadiated, .25
			zombieMutatedRadiated, .25
			zombieSpiderRadiated, .5
			zombieWightRadiated, .25
		</entitygroup>
		<entitygroup name="vehicleAlarmsHordeStageGS858">
			<!-- zombieFatCopFeral -->
			zombieArleneRadiated, .5
			zombieBoeRadiated, .5
			zombieBusinessManRadiated, .5
			zombieDarleneRadiated, .5
			zombieJanitorRadiated, .5
			zombieJoeRadiated, .5
			zombieMarleneRadiated, .5
			zombieNurseRadiated, .5
			zombiePartyGirlRadiated, .5
			zombieSkateboarderRadiated, .5
			zombieSteveRadiated, .5
			zombieTomClarkRadiated, .5
			zombieYoRadiated, .5
			zombieBikerRadiated, .5
			zombieFatHawaiianRadiated, .5
			zombieFemaleFatRadiated, .5
			zombieMaleHazmatRadiated, .5
			zombieMoeRadiated, .5
			zombieSoldierRadiated, .5
			zombieUtilityWorkerRadiated, .5
			zombieFatCopRadiated, .25
			zombieMutatedRadiated, .25
			zombieSpiderRadiated, .5
			zombieWightRadiated, .25
		</entitygroup>
		<entitygroup name="vehicleAlarmsHordeStageGS905">
			<!-- zombieFatCopFeral -->
			zombieArleneRadiated, .5
			zombieBoeRadiated, .5
			zombieBusinessManRadiated, .5
			zombieDarleneRadiated, .5
			zombieJanitorRadiated, .5
			zombieJoeRadiated, .5
			zombieMarleneRadiated, .5
			zombieNurseRadiated, .5
			zombiePartyGirlRadiated, .5
			zombieSkateboarderRadiated, .5
			zombieSteveRadiated, .5
			zombieTomClarkRadiated, .5
			zombieYoRadiated, .5
			zombieBikerRadiated, .5
			zombieFatHawaiianRadiated, .5
			zombieFemaleFatRadiated, .5
			zombieMaleHazmatRadiated, .5
			zombieMoeRadiated, .5
			zombieSoldierRadiated, .5
			zombieUtilityWorkerRadiated, .5
			zombieFatCopRadiated, .25
			zombieMutatedRadiated, .25
			zombieSpiderRadiated, .5
			zombieWightRadiated, .25
		</entitygroup>
		<entitygroup name="vehicleAlarmsHordeStageGS954">
			<!-- zombieFatCopFeral -->
			zombieArleneRadiated, .5
			zombieBoeRadiated, .5
			zombieBusinessManRadiated, .5
			zombieDarleneRadiated, .5
			zombieJanitorRadiated, .5
			zombieJoeRadiated, .5
			zombieMarleneRadiated, .5
			zombieNurseRadiated, .5
			zombiePartyGirlRadiated, .5
			zombieSkateboarderRadiated, .5
			zombieSteveRadiated, .5
			zombieTomClarkRadiated, .5
			zombieYoRadiated, .5
			zombieBikerRadiated, .5
			zombieFatHawaiianRadiated, .5
			zombieFemaleFatRadiated, .5
			zombieMaleHazmatRadiated, .5
			zombieMoeRadiated, .5
			zombieSoldierRadiated, .5
			zombieUtilityWorkerRadiated, .5
			zombieFatCopRadiated, .25
			zombieMutatedRadiated, .25
			zombieSpiderRadiated, .5
			zombieWightRadiated, .25
		</entitygroup>
		<entitygroup name="vehicleAlarmsHordeStageGS1003">
			<!-- zombieFatCopFeral -->
			zombieArleneRadiated, .5
			zombieBoeRadiated, .5
			zombieBusinessManRadiated, .5
			zombieDarleneRadiated, .5
			zombieJanitorRadiated, .5
			zombieJoeRadiated, .5
			zombieMarleneRadiated, .5
			zombieNurseRadiated, .5
			zombiePartyGirlRadiated, .5
			zombieSkateboarderRadiated, .5
			zombieSteveRadiated, .5
			zombieTomClarkRadiated, .5
			zombieYoRadiated, .5
			zombieBikerRadiated, .5
			zombieFatHawaiianRadiated, .5
			zombieFemaleFatRadiated, .5
			zombieMaleHazmatRadiated, .5
			zombieMoeRadiated, .5
			zombieSoldierRadiated, .5
			zombieUtilityWorkerRadiated, .5
			zombieFatCopRadiated, .25
			zombieMutatedRadiated, .25
			zombieSpiderRadiated, .5
			zombieWightRadiated, .25
		</entitygroup>
		<entitygroup name="vehicleAlarmsHordeStageGS1054">
			<!-- zombieFatCopRadiated -->
			zombieArleneRadiated, .5
			zombieBoeRadiated, .5
			zombieBusinessManRadiated, .5
			zombieDarleneRadiated, .5
			zombieJanitorRadiated, .5
			zombieJoeRadiated, .5
			zombieMarleneRadiated, .5
			zombieNurseRadiated, .5
			zombiePartyGirlRadiated, .5
			zombieSkateboarderRadiated, .5
			zombieSteveRadiated, .5
			zombieTomClarkRadiated, .5
			zombieYoRadiated, .5
			zombieBikerRadiated, .5
			zombieFatHawaiianRadiated, .5
			zombieFemaleFatRadiated, .5
			zombieMaleHazmatRadiated, .5
			zombieMoeRadiated, .5
			zombieSoldierRadiated, .5
			zombieUtilityWorkerRadiated, .5
			zombieFatCopRadiated, .25
			zombieMutatedRadiated, .25
			zombieSpiderRadiated, .5
			zombieWightRadiated, .25
		</entitygroup>
		<entitygroup name="vehicleAlarmsHordeStageGS1106">
			<!-- zombieFatCopRadiated -->
			zombieArleneRadiated, .5
			zombieBoeRadiated, .5
			zombieBusinessManRadiated, .5
			zombieDarleneRadiated, .5
			zombieJanitorRadiated, .5
			zombieJoeRadiated, .5
			zombieMarleneRadiated, .5
			zombieNurseRadiated, .5
			zombiePartyGirlRadiated, .5
			zombieSkateboarderRadiated, .5
			zombieSteveRadiated, .5
			zombieTomClarkRadiated, .5
			zombieYoRadiated, .5
			zombieBikerRadiated, .5
			zombieFatHawaiianRadiated, .5
			zombieFemaleFatRadiated, .5
			zombieMaleHazmatRadiated, .5
			zombieMoeRadiated, .5
			zombieSoldierRadiated, .5
			zombieUtilityWorkerRadiated, .5
			zombieFatCopRadiated, .25
			zombieMutatedRadiated, .25
			zombieSpiderRadiated, .5
			zombieWightRadiated, .25
		</entitygroup>
		<entitygroup name="vehicleAlarmsHordeStageGS1159">
			<!-- zombieFatCopRadiated -->
			zombieArleneRadiated, .5
			zombieBoeRadiated, .5
			zombieBusinessManRadiated, .5
			zombieDarleneRadiated, .5
			zombieJanitorRadiated, .5
			zombieJoeRadiated, .5
			zombieMarleneRadiated, .5
			zombieNurseRadiated, .5
			zombiePartyGirlRadiated, .5
			zombieSkateboarderRadiated, .5
			zombieSteveRadiated, .5
			zombieTomClarkRadiated, .5
			zombieYoRadiated, .5
			zombieBikerRadiated, .5
			zombieFatHawaiianRadiated, .5
			zombieFemaleFatRadiated, .5
			zombieMaleHazmatRadiated, .5
			zombieMoeRadiated, .5
			zombieSoldierRadiated, .5
			zombieUtilityWorkerRadiated, .5
			zombieFatCopRadiated, .25
			zombieMutatedRadiated, .25
			zombieSpiderRadiated, .5
			zombieWightRadiated, .25
		</entitygroup>
		<entitygroup name="vehicleAlarmsHordeStageGS1213">
			<!-- zombieFatCopRadiated -->
			zombieArleneRadiated, .5
			zombieBoeRadiated, .5
			zombieBusinessManRadiated, .5
			zombieDarleneRadiated, .5
			zombieJanitorRadiated, .5
			zombieJoeRadiated, .5
			zombieMarleneRadiated, .5
			zombieNurseRadiated, .5
			zombiePartyGirlRadiated, .5
			zombieSkateboarderRadiated, .5
			zombieSteveRadiated, .5
			zombieTomClarkRadiated, .5
			zombieYoRadiated, .5
			zombieBikerRadiated, .5
			zombieFatHawaiianRadiated, .5
			zombieFemaleFatRadiated, .5
			zombieMaleHazmatRadiated, .5
			zombieMoeRadiated, .5
			zombieSoldierRadiated, .5
			zombieUtilityWorkerRadiated, .5
			zombieFatCopRadiated, .25
			zombieMutatedRadiated, .25
			zombieSpiderRadiated, .5
			zombieWightRadiated, .25
		</entitygroup>
		<entitygroup name="vehicleAlarmsHordeStageGS1269">
			<!-- zombieFatCopRadiated -->
			zombieArleneRadiated, .5
			zombieBoeRadiated, .5
			zombieBusinessManRadiated, .5
			zombieDarleneRadiated, .5
			zombieJanitorRadiated, .5
			zombieJoeRadiated, .5
			zombieMarleneRadiated, .5
			zombieNurseRadiated, .5
			zombiePartyGirlRadiated, .5
			zombieSkateboarderRadiated, .5
			zombieSteveRadiated, .5
			zombieTomClarkRadiated, .5
			zombieYoRadiated, .5
			zombieBikerRadiated, .5
			zombieFatHawaiianRadiated, .5
			zombieFemaleFatRadiated, .5
			zombieMaleHazmatRadiated, .5
			zombieMoeRadiated, .5
			zombieSoldierRadiated, .5
			zombieUtilityWorkerRadiated, .5
			zombieFatCopRadiated, .25
			zombieMutatedRadiated, .25
			zombieSpiderRadiated, .5
			zombieWightRadiated, .25
		</entitygroup>
		<entitygroup name="vehicleAlarmsHordeStageGS1326">
			<!-- zombieFatCopRadiated -->
			zombieArleneRadiated, .5
			zombieBoeRadiated, .5
			zombieBusinessManRadiated, .5
			zombieDarleneRadiated, .5
			zombieJanitorRadiated, .5
			zombieJoeRadiated, .5
			zombieMarleneRadiated, .5
			zombieNurseRadiated, .5
			zombiePartyGirlRadiated, .5
			zombieSkateboarderRadiated, .5
			zombieSteveRadiated, .5
			zombieTomClarkRadiated, .5
			zombieYoRadiated, .5
			zombieBikerRadiated, .5
			zombieFatHawaiianRadiated, .5
			zombieFemaleFatRadiated, .5
			zombieMaleHazmatRadiated, .5
			zombieMoeRadiated, .5
			zombieSoldierRadiated, .5
			zombieUtilityWorkerRadiated, .5
			zombieFatCopRadiated, .25
			zombieMutatedRadiated, .25
			zombieSpiderRadiated, .5
			zombieWightRadiated, .25
		</entitygroup>
		<entitygroup name="vehicleAlarmsHordeStageGS1383">
			<!-- zombieFatCopRadiated -->
			zombieArleneRadiated, .5
			zombieBoeRadiated, .5
			zombieBusinessManRadiated, .5
			zombieDarleneRadiated, .5
			zombieJanitorRadiated, .5
			zombieJoeRadiated, .5
			zombieMarleneRadiated, .5
			zombieNurseRadiated, .5
			zombiePartyGirlRadiated, .5
			zombieSkateboarderRadiated, .5
			zombieSteveRadiated, .5
			zombieTomClarkRadiated, .5
			zombieYoRadiated, .5
			zombieBikerRadiated, .5
			zombieFatHawaiianRadiated, .5
			zombieFemaleFatRadiated, .5
			zombieMaleHazmatRadiated, .5
			zombieMoeRadiated, .5
			zombieSoldierRadiated, .5
			zombieUtilityWorkerRadiated, .5
			zombieFatCopRadiated, .25
			zombieMutatedRadiated, .25
			zombieSpiderRadiated, .5
			zombieWightRadiated, .25
		</entitygroup>
		<entitygroup name="vehicleAlarmsHordeStageGS1442">
			<!-- zombieFatCopRadiated -->
			zombieArleneRadiated, .5
			zombieBoeRadiated, .5
			zombieBusinessManRadiated, .5
			zombieDarleneRadiated, .5
			zombieJanitorRadiated, .5
			zombieJoeRadiated, .5
			zombieMarleneRadiated, .5
			zombieNurseRadiated, .5
			zombiePartyGirlRadiated, .5
			zombieSkateboarderRadiated, .5
			zombieSteveRadiated, .5
			zombieTomClarkRadiated, .5
			zombieYoRadiated, .5
			zombieBikerRadiated, .5
			zombieFatHawaiianRadiated, .5
			zombieFemaleFatRadiated, .5
			zombieMaleHazmatRadiated, .5
			zombieMoeRadiated, .5
			zombieSoldierRadiated, .5
			zombieUtilityWorkerRadiated, .5
			zombieFatCopRadiated, .25
			zombieMutatedRadiated, .25
			zombieSpiderRadiated, .5
			zombieWightRadiated, .25
		</entitygroup>
		<entitygroup name="vehicleAlarmsHordeStageGS1503">
			<!-- zombieFatCopRadiated -->
			zombieArleneRadiated, .5
			zombieBoeRadiated, .5
			zombieBusinessManRadiated, .5
			zombieDarleneRadiated, .5
			zombieJanitorRadiated, .5
			zombieJoeRadiated, .5
			zombieMarleneRadiated, .5
			zombieNurseRadiated, .5
			zombiePartyGirlRadiated, .5
			zombieSkateboarderRadiated, .5
			zombieSteveRadiated, .5
			zombieTomClarkRadiated, .5
			zombieYoRadiated, .5
			zombieBikerRadiated, .5
			zombieFatHawaiianRadiated, .5
			zombieFemaleFatRadiated, .5
			zombieMaleHazmatRadiated, .5
			zombieMoeRadiated, .5
			zombieSoldierRadiated, .5
			zombieUtilityWorkerRadiated, .5
			zombieFatCopRadiated, .25
			zombieMutatedRadiated, .25
			zombieSpiderRadiated, .5
			zombieWightRadiated, .25
		</entitygroup>
		<entitygroup name="vehicleAlarmsHordeStageGS1564">
			<!-- zombieFatCopRadiated -->
			zombieArleneRadiated, .5
			zombieBoeRadiated, .5
			zombieBusinessManRadiated, .5
			zombieDarleneRadiated, .5
			zombieJanitorRadiated, .5
			zombieJoeRadiated, .5
			zombieMarleneRadiated, .5
			zombieNurseRadiated, .5
			zombiePartyGirlRadiated, .5
			zombieSkateboarderRadiated, .5
			zombieSteveRadiated, .5
			zombieTomClarkRadiated, .5
			zombieYoRadiated, .5
			zombieBikerRadiated, .5
			zombieFatHawaiianRadiated, .5
			zombieFemaleFatRadiated, .5
			zombieMaleHazmatRadiated, .5
			zombieMoeRadiated, .5
			zombieSoldierRadiated, .5
			zombieUtilityWorkerRadiated, .5
			zombieFatCopRadiated, .25
			zombieMutatedRadiated, .25
			zombieSpiderRadiated, .5
			zombieWightRadiated, .25
		</entitygroup>
		<entitygroup name="vehicleAlarmsHordeStageGS1626">
			<!-- zombieFatCopRadiated -->
			zombieArleneRadiated, .5
			zombieBoeRadiated, .5
			zombieBusinessManRadiated, .5
			zombieDarleneRadiated, .5
			zombieJanitorRadiated, .5
			zombieJoeRadiated, .5
			zombieMarleneRadiated, .5
			zombieNurseRadiated, .5
			zombiePartyGirlRadiated, .5
			zombieSkateboarderRadiated, .5
			zombieSteveRadiated, .5
			zombieTomClarkRadiated, .5
			zombieYoRadiated, .5
			zombieBikerRadiated, .5
			zombieFatHawaiianRadiated, .5
			zombieFemaleFatRadiated, .5
			zombieMaleHazmatRadiated, .5
			zombieMoeRadiated, .5
			zombieSoldierRadiated, .5
			zombieUtilityWorkerRadiated, .5
			zombieFatCopRadiated, .25
			zombieMutatedRadiated, .25
			zombieSpiderRadiated, .5
			zombieWightRadiated, .25
		</entitygroup>
		<entitygroup name="vehicleAlarmsHordeStageGS1690">
			<!-- zombieFatCopRadiated -->
			zombieArleneRadiated, .5
			zombieBoeRadiated, .5
			zombieBusinessManRadiated, .5
			zombieDarleneRadiated, .5
			zombieJanitorRadiated, .5
			zombieJoeRadiated, .5
			zombieMarleneRadiated, .5
			zombieNurseRadiated, .5
			zombiePartyGirlRadiated, .5
			zombieSkateboarderRadiated, .5
			zombieSteveRadiated, .5
			zombieTomClarkRadiated, .5
			zombieYoRadiated, .5
			zombieBikerRadiated, .5
			zombieFatHawaiianRadiated, .5
			zombieFemaleFatRadiated, .5
			zombieMaleHazmatRadiated, .5
			zombieMoeRadiated, .5
			zombieSoldierRadiated, .5
			zombieUtilityWorkerRadiated, .5
			zombieFatCopRadiated, .25
			zombieMutatedRadiated, .25
			zombieSpiderRadiated, .5
			zombieWightRadiated, .25
		</entitygroup>
		<entitygroup name="vehicleAlarmsHordeStageGS1755">
			<!-- zombieFatCopRadiated -->
			zombieArleneRadiated, .5
			zombieBoeRadiated, .5
			zombieBusinessManRadiated, .5
			zombieDarleneRadiated, .5
			zombieJanitorRadiated, .5
			zombieJoeRadiated, .5
			zombieMarleneRadiated, .5
			zombieNurseRadiated, .5
			zombiePartyGirlRadiated, .5
			zombieSkateboarderRadiated, .5
			zombieSteveRadiated, .5
			zombieTomClarkRadiated, .5
			zombieYoRadiated, .5
			zombieBikerRadiated, .5
			zombieFatHawaiianRadiated, .5
			zombieFemaleFatRadiated, .5
			zombieMaleHazmatRadiated, .5
			zombieMoeRadiated, .5
			zombieSoldierRadiated, .5
			zombieUtilityWorkerRadiated, .5
			zombieFatCopRadiated, .25
			zombieMutatedRadiated, .25
			zombieSpiderRadiated, .5
			zombieWightRadiated, .25
		</entitygroup>
		<entitygroup name="vehicleAlarmsHordeStageGS1821">
			<!-- zombieFatCopRadiated -->
			zombieArleneRadiated, .5
			zombieBoeRadiated, .5
			zombieBusinessManRadiated, .5
			zombieDarleneRadiated, .5
			zombieJanitorRadiated, .5
			zombieJoeRadiated, .5
			zombieMarleneRadiated, .5
			zombieNurseRadiated, .5
			zombiePartyGirlRadiated, .5
			zombieSkateboarderRadiated, .5
			zombieSteveRadiated, .5
			zombieTomClarkRadiated, .5
			zombieYoRadiated, .5
			zombieBikerRadiated, .5
			zombieFatHawaiianRadiated, .5
			zombieFemaleFatRadiated, .5
			zombieMaleHazmatRadiated, .5
			zombieMoeRadiated, .5
			zombieSoldierRadiated, .5
			zombieUtilityWorkerRadiated, .5
			zombieFatCopRadiated, .25
			zombieMutatedRadiated, .25
			zombieSpiderRadiated, .5
			zombieWightRadiated, .25
		</entitygroup>
		<entitygroup name="vehicleAlarmsHordeStageGS1888">
			<!-- zombieFatCopRadiated -->
			zombieArleneRadiated, .5
			zombieBoeRadiated, .5
			zombieBusinessManRadiated, .5
			zombieDarleneRadiated, .5
			zombieJanitorRadiated, .5
			zombieJoeRadiated, .5
			zombieMarleneRadiated, .5
			zombieNurseRadiated, .5
			zombiePartyGirlRadiated, .5
			zombieSkateboarderRadiated, .5
			zombieSteveRadiated, .5
			zombieTomClarkRadiated, .5
			zombieYoRadiated, .5
			zombieBikerRadiated, .5
			zombieFatHawaiianRadiated, .5
			zombieFemaleFatRadiated, .5
			zombieMaleHazmatRadiated, .5
			zombieMoeRadiated, .5
			zombieSoldierRadiated, .5
			zombieUtilityWorkerRadiated, .5
			zombieFatCopRadiated, .25
			zombieMutatedRadiated, .25
			zombieSpiderRadiated, .5
			zombieWightRadiated, .25
		</entitygroup>
		<entitygroup name="vehicleAlarmsHordeStageGS1956">
			<!-- zombieFatCopRadiated -->
			zombieArleneRadiated, .5
			zombieBoeRadiated, .5
			zombieBusinessManRadiated, .5
			zombieDarleneRadiated, .5
			zombieJanitorRadiated, .5
			zombieJoeRadiated, .5
			zombieMarleneRadiated, .5
			zombieNurseRadiated, .5
			zombiePartyGirlRadiated, .5
			zombieSkateboarderRadiated, .5
			zombieSteveRadiated, .5
			zombieTomClarkRadiated, .5
			zombieYoRadiated, .5
			zombieBikerRadiated, .5
			zombieFatHawaiianRadiated, .5
			zombieFemaleFatRadiated, .5
			zombieMaleHazmatRadiated, .5
			zombieMoeRadiated, .5
			zombieSoldierRadiated, .5
			zombieUtilityWorkerRadiated, .5
			zombieFatCopRadiated, .25
			zombieMutatedRadiated, .25
			zombieSpiderRadiated, .5
			zombieWightRadiated, .25
		</entitygroup>
		<entitygroup name="vehicleAlarmsHordeStageGS2026">
			<!-- zombieFatCopRadiated -->
			zombieArleneRadiated, .5
			zombieBoeRadiated, .5
			zombieBusinessManRadiated, .5
			zombieDarleneRadiated, .5
			zombieJanitorRadiated, .5
			zombieJoeRadiated, .5
			zombieMarleneRadiated, .5
			zombieNurseRadiated, .5
			zombiePartyGirlRadiated, .5
			zombieSkateboarderRadiated, .5
			zombieSteveRadiated, .5
			zombieTomClarkRadiated, .5
			zombieYoRadiated, .5
			zombieBikerRadiated, .5
			zombieFatHawaiianRadiated, .5
			zombieFemaleFatRadiated, .5
			zombieMaleHazmatRadiated, .5
			zombieMoeRadiated, .5
			zombieSoldierRadiated, .5
			zombieUtilityWorkerRadiated, .5
			zombieFatCopRadiated, .25
			zombieMutatedRadiated, .25
			zombieSpiderRadiated, .5
			zombieWightRadiated, .25
		</entitygroup>
	</append>

</gamestages>