<gameevents>

	<append xpath="/gameevents" >

		<action_sequence name="alarm_message">
			<property name="action_type" value="Game" />
			<property name="target_type" value="Block" />
			<property name="allow_while_dead" value="false" />
			<!-- <action class="BeltTooltip">
				<property name="text" value="alarm_message_text" />
			</action> -->
		</action_sequence>

		<action_sequence name="alarm_sound">
			<property name="action_type" value="Game" />
			<property name="target_type" value="Block" />
			<property name="allow_while_dead" value="false" />
			<action class="PlaySound">
				<property name="sound" value="VehicleAlarmSound" />
				<property name="phase" value="0" /> 
				<property name="loop_duration" value="8" />
			</action>
		</action_sequence>

		<action_sequence name="alarm_zombie_spawns">
			<property name="action_type" value="Game" />
			<property name="allow_while_dead" value="false" />

			<requirement class="RandomRoll">
				<property name="min_max" value="0,100" />
				<property name="operation" value="LTE" />
				<property name="value" value="20" />
			</requirement>

			<!-- <action class="SpawnEntity">
				<property name="entity_names" value="zombieFatCopFeral" />
				<property name="single_choice" value="true" />
				<property name="spawn_count" value="1" />
				<property name="phase" value="0" />
				<property name="add_to_group" value="zombies" />
				<property name="safe_spawn" value="true" />
				<property name="min_distance" value="10" />
				<property name="max_distance" value="20" />
			</action>
			 -->
			 
			<action class="SpawnEntity">
				<property name="entity_group" value="ZombieVehicleAlarmsHorde" />
				<property name="spawn_count" value="4" />
				<property name="air_spawn" value="false" />
				<property name="add_to_group" value="zombies" />
				<property name="safe_spawn" value="true" />
				<property name="min_distance" value="10" />
				<property name="max_distance" value="20" />
			</action>

		</action_sequence>		

	</append>

</gameevents>