<buffs>
<!-- Car Alarms -->    
<append xpath="/buffs">
        <buff name="AlarmOn1" hidden="true" icon="ui_game_symbol_infection"> 
            <stack_type value="effect"/>
            <duration value="1"/>
            <effect_group>
                <requirement name="RandomRoll" seed_type="Random" target="self" min_max="0,100" operation="LTE" value="40"/>
                <triggered_effect trigger="onSelfBuffStart" action="AddBuff" target="self" buff="AlarmOn2" />
            </effect_group>
        </buff>
        
        <buff name="AlarmOn2" hidden="true" icon="ui_game_symbol_medical"> 
            <stack_type value="effect"/>
            <duration value="15"/>
            <effect_group>
                <triggered_effect trigger="onSelfBuffStart" action="PlaySound" target="self" sound="carAlarm1" />
                <triggered_effect trigger="onSelfBuffRemove" action="FadeOutSound" target="self" sound="carAlarm1" />
                <triggered_effect trigger="onSelfLeaveGame" action="StopSound" target="self" sound="carAlarm1" />
                <triggered_effect trigger="onSelfBuffFinish" action="FadeOutSound" target="self" sound="carAlarm1"/>
            </effect_group>
        </buff>   
</append>		
</buffs>