<Sounds>
<append xpath="/Sounds">
 <!-- Car Alarms -->
        <SoundDataNode name="carAlarm1"> 
			<AudioSource name="Sounds/AudioSource_WeaponFire"/> 
			<NetworkAudioSource name="Sounds/AudioSource_WeaponFire_Network"/>
			<Noise ID="5" range="180" noise="300" time="4" heat_map_strength="25" heat_map_time="100"/>
			<AudioClip ClipName="Sounds/Electricity/Alarms/alarm1_lp" Loop="true"/>
			<LocalCrouchVolumeScale value="1"/> <CrouchNoiseScale value="1"/> <NoiseScale value="1"/> <MaxVoices value="10"/> <MaxRepeatRate value=".1"/> 
		</SoundDataNode>
            
        <SoundDataNode name="carAlarm2"> 
		<AudioSource name="Sounds/AudioSource_WeaponFire"/> 
		<NetworkAudioSource name="Sounds/AudioSource_WeaponFire_Network"/>
        <Noise ID="5" range="180" noise="300" time="4" heat_map_strength="50" heat_map_time="150"/>
        <AudioClip ClipName="Sounds/Electricity/Alarms/alarm1_lp" Loop="true"/>
        <LocalCrouchVolumeScale value="1"/> <CrouchNoiseScale value="1"/> <NoiseScale value="1"/> <MaxVoices value="10"/> <MaxRepeatRate value=".1"/> 
		</SoundDataNode>
</append>
</Sounds>