<loadingscreen>

<!-- #region Add Pictures -->
    <append xpath="doc/backgrounds">
        <tex file="@modfolder:/Config/bgs/1.jpg" />
        <tex file="@modfolder:/Config/bgs/2.jpg" />
        <tex file="@modfolder:/Config/bgs/3.jpg" />
        <tex file="@modfolder:/Config/bgs/4.jpg" />
        <tex file="@modfolder:/Config/bgs/5.jpg" />
        <tex file="@modfolder:/Config/bgs/6.jpg" />
        <tex file="@modfolder:/Config/bgs/7.jpg" />
        <tex file="@modfolder:/Config/bgs/8.jpg" />
    </append>

<!-- #endregion -->
	
</loadingscreen>