<xui_windows>

<!-- Trader Quest Window / Right Side -->
<set xpath="//window[@name='windowResponses']/@anchor">RightCenter</set>
<set xpath="//window[@name='windowResponses']/@pos">-645,200</set>
<set xpath="//window[@name='windowResponses']/@width">645</set>
<set xpath="//window[@name='windowResponses']/@height">800</set>

<setattribute xpath="//window[@name='windowResponses']/grid[@controller='DialogResponseList']" name="rows">18</setattribute>

<setattribute xpath="//window[@name='windowResponses']/grid[@controller='DialogResponseList']" name="cols">1</setattribute>

</xui_windows>